title,discount,sale_price
گوشی موبایل سامسونگ مدل Galaxy A50 SM-A505F/DS دو ...,۲٪,۳.۱۴۹.۰۰۰ تومان
هارد اکسترنال وسترن دیجیتال مدل Elements ظرفیت 2 ت...,۴٪,۷۸۵.۰۰۰ تومان
شارژر همراه ایکس او مدل PB53 ظرفیت 13000 میلی آمپر...,۳۵٪,۱۲۹.۰۰۰ تومان
ساعت مچی عقربه ای زنانه ریوارد کد SN-BJ006L-2-SS,۵۲٪,۵۹۹.۰۰۰ تومان
گوشی موبایل سامسونگ مدل Galaxy A50 SM-A505F/DS دو ...,۲٪,۳.۱۴۹.۰۰۰ تومان
هدفون بی سیم انکر مدل SoundCore Liberty Air,۱۵٪,۸۲۹.۰۰۰ تومان
گوشی موبایل سامسونگ مدل Galaxy A50 SM-A505F/DS دو ...,۲٪,۳.۱۴۹.۰۰۰ تومان
دوربین عکاسی چاپ سریع فوجی فیلم مدل Instax Mini 9,۹٪,۷۵۰.۰۰۰ تومان
ویفر کارامل رنگینک گرجی مقدار 525 گرم,۳۴٪,۱۱.۵۰۰ تومان
هارد اکسترنال وسترن دیجیتال مدل Elements ظرفیت 2 ت...,۴٪,۷۸۵.۰۰۰ تومان
دستمال کاغذی 100 برگ مرحبا مدل White بسته 10 عددی,۴۴٪,۲۶.۵۰۰ تومان
چتر شوان کد 1-66,۸٪,۹۹.۰۰۰ تومان
شارژر همراه انکر مدل A1375 PowerCore Plus با ظرفیت...,۱۱٪,۵۹۹.۰۰۰ تومان
بیسکوییت کرمدار با طعم کاکائو گرجی مقدار 390 گرم,۳۵٪,۶.۲۰۰ تومان
روغن آرگان آرمان مدل Pure Morocco حجم 30 میلی لیتر,۵۹٪,۴۹.۰۰۰ تومان
هدفون بی سیم انکر مدل SoundCore Liberty Air,۱۵٪,۸۲۹.۰۰۰ تومان
نوشابه گاز دار با طعم کولا پپسی بسته 6 عددی,۳۳٪,۱۱.۶۰۰ تومان
قهوه فوری نسکافه گلد مقدار 200 گرم,۲۰٪,۹۲.۹۰۰ تومان
ست 3 تکه لباس نوزادی پسرانه طرح راکون,۶۵٪,۴۹.۰۰۰ تومان
صندلی سفری تاشو اف آی تی طرح 3,۳۸٪,۳۹.۰۰۰ تومان
پوشک بارلی سایز 3 بسته 46 عددی به همراه دستمال مرط...,۳۲٪,۴۳.۹۰۰ تومان
کتاب خوب‌ های بد بدهای خوب اثر سومان چینانی,۲۹٪,۴۲.۰۰۰ تومان
پارچ تصفیه آب اکسل مدل 25,۲۷٪,۱۰۹.۰۰۰ تومان
مایع دستشویی اکتیو مدل صدفی-Blue وزن 3750 گرم,۱۸٪,۳۳.۲۰۰ تومان
تابه گریل نالینو مدل Fabia 63343,۴۸٪,۱۲۹.۰۰۰ تومان
پخش کننده خودرو کنکورد پلاس مدل KD-U2560BT,۱۹٪,۱۹۰.۰۰۰ تومان
مجموعه 7 عددی پیچ گوشتی هیرو کد 3070,۴۰٪,۵۹.۰۰۰ تومان
کارت حافظه microSDHC توشیبا مدل M203 کلاس 10 استان...,۱۳٪,۲۸.۰۰۰ تومان
برنج هاشمی الموت مقدار 5 کیلو گرم,۳۸٪,۸۹.۰۰۰ تومان
جعبه ابزار مانسمان 28280 بدون ابزار,۲۷٪,۶۷۹.۰۰۰ تومان
تشک ایپک مدل Classic 02 یک نفره سایز 190 × 90 سانت...,۲۱٪,۱۱۵.۰۰۰ تومان
ادوپرفیوم زنانه اسکلاره مدل Violet حجم 75 میلی لیت...,۴۲٪,۵۲.۵۰۰ تومان
شامپو ضد شوره هد اند شولدرز مدل Classic Clean حجم ...,۱۴٪,۳۹.۹۰۰ تومان
کفش روزمره مردانه مارال چرم مدل سامیا,۴۷٪,۲۵۹.۰۰۰ تومان
کوله پشتی مدل E22,۵۱٪,۸۹.۹۰۰ تومان
آویز طلا 18 عیار طرح و ان یکاد مدل 110,۱۰٪,۲۹۹.۰۰۰ تومان
کرم ضد آفتاب باریج اسانس بیرنگ مخصوص پوستهای خشک ت...,۴۷٪,۱۷.۸۰۰ تومان
مجموعه 132 عددی ابزار مگاتولز مدل JY-T10029,۴۶٪,۲۳۹.۹۰۰ تومان
هودی مردانه سیاوود کد 006-3700 رنگ سرمه ای,۴۷٪,۱۸۹.۰۰۰ تومان
دستمال توالت پاپیا بسته 12 عددی,۲۳٪,۳۴.۶۰۰ تومان
نیم بوت مردانه کد m256m,۳۹٪,۸۹.۰۰۰ تومان
شارژر همراه ایکس او مدل PB53 ظرفیت 13000 میلی آمپر...,۳۵٪,۱۲۹.۰۰۰ تومان
محلول پاک کننده سرویس بهداشتی هگزان مدل Yellow حجم...,۳۹٪,۷.۳۰۰ تومان
ادو پرفیوم مردانه اسمارت کالکشن مدل 212 حجم 100 می...,۵۴٪,۶۵.۰۰۰ تومان
کیف رودوشی مردانه کد AR04007-2,۲۱٪,۱۲۷.۰۰۰ تومان
دستگاه جوانسازی پوست میسمون مدل MC306C,۲۳٪,۹۹۹.۰۰۰ تومان
روغن ذرت فامیلا مقدار 1800 میلی لیتر,۲۰٪,۳۱.۵۰۰ تومان
برس حرارتی مو پروسنس مدل HB 010,۳۸٪,۹۹.۹۰۰ تومان
ساعت مچی عقربه ای زنانه ریوارد کد SN-BJ006L-2-SS,۵۲٪,۵۹۹.۰۰۰ تومان
عینک واقعیت مجازی سامونیک مدل V8,۳۰٪,۶۹.۰۰۰ تومان
نرم کننده حوله و لباس صورتی  اکتیو 2500 میلی لیتر,۱۸٪,۱۸.۹۰۰ تومان
پایه نگهدارنده گوشی موبایل راوپاور مدل SH003,۶۰٪,۹۹.۰۰۰ تومان
برگر گوشت فارسی مقدار 500 گرم,۲۹٪,۳۶.۹۹۰ تومان
خمیر دندان ذغالی پاتریکس مدل 8in1 حجم 100 میلی لیت...,۳۲٪,۱۰.۹۰۰ تومان
تخته گچی مغناطیسی آسا برد سایز 50x70 سانتی متر,۲۶٪,۸۷.۵۰۰ تومان
مایع ظرفشویی هوم کر وزن 3.5 کیلوگرم,۲۱٪,۲۸.۲۰۰ تومان
شیر بدن آبرسان فرش فیل مدل آووکادو حجم 400 میلی لی...,۲۷٪,۴۵.۰۰۰ تومان
شیرکم چرب و نیم چرب کالبر حجم 200 میلی لیتر بسته 6...,۳۳٪,۷.۹۹۰ تومان
چراغ آویز چشمه نور 1 شعله کد G505,۲۴٪,۷۹.۹۰۰ تومان
انبه منجمد پالپی نوبر سبز مقدار 1 کیلوگرم,۵۰٪,۵۹.۵۰۰ تومان
دستگاه تصفیه هوای هایتک مدل HI-AP800,۴۲٪,۹۸۹.۰۰۰ تومان
نرم کننده مو کودک جانسون حجم 500 میلی لیتر به همرا...,۳۰٪,۲۱.۵۰۰ تومان
کارت حافظه SDHC سونی مدل SF-32UZ کلاس 10 استاندارد...,۴۷٪,۱۳۹.۰۰۰ تومان
عینک شنا فونیکس مدل PN-1200,۲۲٪,۱۳۹.۰۰۰ تومان
پیراهن مردانه لرد آرچر مدل 200114756,۳۵٪,۱۱۰.۰۰۰ تومان
ادو تویلت زنانه ژیوانشی مدل Very irresistible حجم ...,۴۱٪,۴۹۵.۰۰۰ تومان
ست گرمکن و شلوار ورزشی مردانه تکنیک اسپرت مدل GK-1...,۳۳٪,۲۸۴.۰۰۰ تومان
کفش مخصوص پیاده روی مردانه کد 1-1397871,۶۳٪,۸۹.۰۰۰ تومان
نمک ماشین ظرفشویی فینیش مدل Calgonit وزن 3 کیلوگرم,۴۷٪,۱۵.۹۰۰ تومان
ست 3 تکه لباس نوزاد طرح خرگوش کد FBF-01,۴۶٪,۷۴.۰۰۰ تومان
